set_size	observed_edges	count_in_group	min_lambda	set_id_at_min	term_at_min	pval_at_min	log2AR_at_min	max_lambda	set_id_at_max	term_at_max	pval_at_max	log2AR_at_max	lambda_ratio
3	3	261	0.000306122448979592	GO:0015851	nucleobase transport	4.77970771086848e-12	1.58437388582073	0.0256122448979592	GO:0034473	U1 snRNA 3'-end processing	2.72940786068937e-06	1.53730453929362	83.6666666666667
4	3	95	0.000433673469387755	GO:0034553	mitochondrial respiratory chain complex II assembly	1.35892678149164e-11	1.58412877129853	0.0325765306122449	GO:0019344	cysteine biosynthetic process	5.62290882368415e-06	1.52487230876982	75.1176470588236
7	3	45	0.000688775510204082	GO:0006004	fucose metabolic process	5.44324016240351e-11	1.5836387919831	0.0516836734693878	GO:1901018	positive regulation of potassium ion transmembrane transporter activity	2.21358516256983e-05	1.49182434421135	75.0370370370371
6	3	54	0.000969387755102041	GO:0015734	taurine transmembrane transport	1.51713978129305e-10	1.58310019886628	0.0605357142857143	GO:0051428	peptide hormone receptor binding	3.53342566562398e-05	1.47701228559981	62.4473684210526
9	3	24	0.00160714285714286	GO:0070633	transepithelial transport	6.91017009908721e-10	1.58187761710105	0.0833673469387755	GO:0002262	myeloid cell homeostasis	9.07275253189141e-05	1.4401556618264	51.8730158730158
6	4	31	0.000969387755102041	GO:0005225	volume-sensitive anion channel activity	3.67656359308812e-14	1.77029795625703	0.0440816326530612	GO:0047035	testosterone dehydrogenase (NAD+) activity	1.51885108417881e-07	1.69198990942792	45.4736842105263
5	4	29	0.00119897959183673	GO:0072345	NAADP-sensitive calcium-release channel activity	8.60239463808909e-14	1.76985758807757	0.0478061224489796	GO:0045324	late endosome to vacuole transport	2.09472279337128e-07	1.68560742199907	39.8723404255321
4	4	35	0.00135204081632653	GO:1990569	UDP-N-acetylglucosamine transmembrane transport	1.39084339395395e-13	1.76956415857369	0.0441581632653061	GO:0033278	cell proliferation in midbrain	1.52933203837218e-07	1.6918581925426	32.6603773584906
4	6	80	0.00160714285714286	GO:0035805	egg coat	2.38944162440481e-20	2.04064653700507	0.0494132653061225	GO:1990131	Gtr1-Gtr2 GTPase complex	1.92428288563034e-11	1.95444184377591	30.7460317460317
4	5	27	0.000943877551020408	GO:0008352	katanin complex	6.23814453772696e-18	1.91883777153225	0.0289030612244898	GO:0034382	chylomicron remnant clearance	1.64086396915819e-10	1.86709188458352	30.6216216216216
8	6	14	0.00239795918367347	GO:0004062	aryl sulfotransferase activity	2.63527290068179e-19	2.03913340770688	0.0732908163265306	GO:0098943	neurotransmitter receptor transport, postsynaptic endosome to lysosome	2.0216226601551e-10	1.91495924608945	30.563829787234
5	3	70	0.00114795918367347	GO:0009812	flavonoid metabolic process	2.51915091942293e-10	1.58275766705215	0.0300510204081633	GO:0021978	telencephalon regionalization	4.42227292105641e-06	1.5293559775467	26.1777777777778
5	5	19	0.0011734693877551	GO:0031591	wybutosine biosynthetic process	1.85247728105481e-17	1.91839737348011	0.027984693877551	GO:0097490	sympathetic neuron projection extension	1.39732341848863e-10	1.8687339030438	23.8478260869565
10	4	13	0.0063265306122449	GO:0015810	aspartate transmembrane transport	6.64130435698717e-11	1.76009210122708	0.149795918367347	GO:0016597	amino acid binding	1.86155253060069e-05	1.52972730624122	23.6774193548387
5	6	34	0.00260204081632653	GO:0032190	acrosin binding	4.30113960082395e-19	2.03874343742007	0.05875	GO:0055102	lipase inhibitor activity	5.430707443021e-11	1.93874483958398	22.578431372549
5	9	11	0.00364795918367347	GO:0005964	phosphorylase kinase complex	3.14239527106494e-28	2.31494481620612	0.0765561224489796	GO:1990130	GATOR1 complex	2.32338161962368e-16	2.18792073931805	20.986013986014
10	3	13	0.00821428571428571	GO:0015125	bile acid transmembrane transporter activity	9.18085543985404e-08	1.56933212661964	0.170459183673469	GO:0071679	commissural neuron axon guidance	0.000726819714942774	1.3146721761584	20.751552795031
5	10	40	0.00408163265306122	GO:0005787	signal peptidase complex	3.52211468370102e-31	2.38722948490545	0.0785459183673469	GO:0004579	dolichyl-diphosphooligosaccharide-protein glycotransferase activity	2.27699001953882e-18	2.2578594526275	19.24375
6	6	18	0.00380102040816327	GO:1904970	brush border assembly	4.17497443939402e-18	2.03645660986919	0.06125	GO:0140608	cysteine-type endopeptidase activator activity	6.95850768154824e-11	1.93459915276828	16.1140939597315
8	3	31	0.00413265306122449	GO:0007263	nitric oxide mediated signal transduction	1.17270733069542e-08	1.57705644104294	0.0660204081632653	GO:0042582	azurophil granule	4.56472652118483e-05	1.46798508959695	15.9753086419753
9	5	15	0.00535714285714286	GO:0016051	carbohydrate biosynthetic process	3.66054880506601e-14	1.91041907571061	0.0824489795918368	GO:0006937	regulation of muscle contraction	2.96438987670387e-08	1.77729100227067	15.3904761904762
5	8	11	0.0025765306122449	GO:0140227	serotonin-gated cation-selective signaling pathway	4.8058178061849e-26	2.23562409642123	0.0353826530612245	GO:0033176	proton-transporting V-type ATPase complex	5.90399792171491e-17	2.1755237680279	13.7326732673267
6	5	16	0.00201530612244898	GO:0005587	collagen type IV trimer	2.76563287617635e-16	1.91678487708131	0.0258928571428571	GO:0001915	negative regulation of T cell mediated cytotoxicity	9.49184385675227e-11	1.87248806845296	12.8481012658228
7	5	16	0.00423469387755102	GO:0005223	intracellularly cGMP-activated cation channel activity	1.13082746923825e-14	1.91255094795682	0.0526785714285714	GO:0061549	sympathetic ganglion development	3.2354573499433e-09	1.82583296295544	12.4397590361446
5	7	13	0.00364795918367347	GO:0019509	L-methionine salvage from methylthioadenosine	1.70032930269377e-21	2.1418569956391	0.0413265306122449	GO:0034372	very-low-density lipoprotein particle remodeling	3.9397821998988e-14	2.07342782319646	11.3286713286713
10	7	5	0.00693877551020408	GO:0160112	axonemal B tubule inner sheath	1.5272588901228e-19	2.13561487517591	0.0746938775510204	GO:0046930	pore complex	2.41098791164997e-12	2.01781395098717	10.7647058823529
7	6	15	0.00596938775510204	GO:0010950	positive regulation of endopeptidase activity	6.25207595301295e-17	2.03233918007962	0.0636734693877551	GO:0050667	homocysteine metabolic process	8.76454763267773e-11	1.93060299043906	10.6666666666667
6	10	16	0.00908163265306122	GO:0043190	ATP-binding cassette (ABC) transporter complex	1.04301571490755e-27	2.37777727625416	0.0942091836734694	GO:0071035	nuclear polyadenylation-dependent rRNA catabolic process	1.39311726091501e-17	2.23336813760347	10.373595505618
8	5	16	0.00739795918367347	GO:0015824	proline transport	1.83527535843523e-13	1.9065590128784	0.0749489795918367	GO:0006896	Golgi to vacuole transport	1.8515981541662e-08	1.78921571414344	10.1310344827586
7	4	33	0.00502551020408163	GO:0015180	L-alanine transmembrane transporter activity	2.64705826073039e-11	1.76255742267801	0.0487755102040816	GO:0008395	steroid hydroxylase activity	2.26810684144656e-07	1.68395544720505	9.70558375634518
9	6	13	0.00923469387755102	GO:0050650	chondroitin sulfate proteoglycan biosynthetic process	8.54604491814905e-16	2.02618282302804	0.0870408163265306	GO:0070700	BMP receptor binding	5.60569390116904e-10	1.89316656651477	9.42541436464088
8	10	5	0.00469387755102041	GO:0160063	multi-pass transmembrane protein insertion into ER membrane	1.42462760468812e-30	2.38606539505554	0.0433673469387755	GO:0086064	cell communication by electrical coupling involved in cardiac conduction	6.23370618849285e-21	2.31609863542202	9.2391304347826
7	9	11	0.00469387755102041	GO:0017183	protein histidyl modification to diphthamide	3.03520575896002e-27	2.31295502463002	0.0409183673469388	GO:0036500	ATF6-mediated unfolded protein response	8.54104599339195e-19	2.24722319411	8.71739130434783
8	7	7	0.00778061224489796	GO:0045048	protein insertion into ER membrane	3.40180439038787e-19	2.13402669238306	0.0656122448979592	GO:0016556	mRNA modification	9.80713120782929e-13	2.03253077761463	8.4327868852459
10	10	4	0.0139285714285714	GO:0006465	signal peptide processing	7.47831631613064e-26	2.36873115223117	0.113265306122449	GO:0008499	N-acetyl-beta-D-glucosaminide beta-(1,3)-galactosyltransferase activity	8.63985873132219e-17	2.20465112793173	8.13186813186815
12	9	3	0.0362755102040816	GO:0031123	RNA 3'-end processing	2.90123056821025e-19	2.25532080882575	0.294540816326531	GO:0042813	Wnt receptor activity	3.52839184979167e-11	1.90378738902664	8.11954992967653
7	15	6	0.0146938775510204	GO:0034472	snRNA 3'-end processing	2.42417611856591e-40	2.65105066730333	0.118469387755102	GO:0034087	establishment of mitotic sister chromatid cohesion	8.6969736769919e-27	2.48074100499002	8.0625
8	4	19	0.00650510204081633	GO:0046415	urate metabolic process	7.42241705584755e-11	1.75975438041409	0.0507908163265306	GO:0090136	epithelial cell-cell adhesion	2.66255124221058e-07	1.68053313924447	7.8078431372549
7	11	10	0.0113265306122449	GO:0097539	ciliary transition fiber	9.75890860747175e-30	2.43995098919246	0.0807397959183673	GO:0006002	fructose 6-phosphate metabolic process	2.2114339373497e-20	2.320756190308	7.12837837837837
7	7	16	0.00668367346938776	GO:0015820	L-leucine transport	1.17526635727098e-19	2.13609683384984	0.0471173469387755	GO:0061820	telomeric D-loop disassembly	9.81603688378153e-14	2.0634635130462	7.04961832061068
10	5	6	0.0126785714285714	GO:0005313	L-glutamate transmembrane transporter activity	2.70136039028281e-12	1.89666592795964	0.0891836734693878	GO:1903238	positive regulation of leukocyte tethering or rolling	4.3651917900704e-08	1.76674853465019	7.03420523138835
6	15	18	0.0145408163265306	GO:0010032	meiotic chromosome condensation	2.07022344385909e-40	2.65133404877248	0.096530612244898	GO:0030892	mitotic cohesin complex	4.08840195496268e-28	2.51354558253132	6.63859649122808
9	8	9	0.00880102040816326	GO:0005222	intracellularly cAMP-activated cation channel activity	8.85821721021864e-22	2.2238293690635	0.0571683673469388	GO:0006646	phosphatidylethanolamine biosynthetic process	2.68945059445556e-15	2.13821190382263	6.49565217391305
7	10	9	0.0131632653061225	GO:1903706	regulation of hemopoiesis	4.25281549907741e-26	2.37015196718815	0.0852551020408163	GO:0071051	poly(A)-dependent snoRNA 3'-end processing	5.17358781140647e-18	2.24726690597085	6.47674418604648
8	16	5	0.0241836734693878	GO:0015937	coenzyme A biosynthetic process	6.3951700960204e-40	2.67914919023758	0.155229591836735	GO:0071028	nuclear mRNA surveillance	4.69395671235652e-27	2.47436695395782	6.41877637130802
9	4	12	0.015765306122449	GO:0035773	insulin secretion involved in cellular response to glucose stimulus	2.54168896101927e-09	1.74245436385331	0.100051020408163	GO:0030850	prostate gland development	3.85453381501735e-06	1.60156432241857	6.34627831715208
9	7	13	0.0108673469387755	GO:0050915	sensory perception of sour taste	3.51807282118403e-18	2.12823308983604	0.0688775510204082	GO:0016126	sterol biosynthetic process	1.37388982894756e-12	2.02720469881416	6.33802816901409
7	8	9	0.00897959183673469	GO:0032395	MHC class II receptor activity	1.04007808038899e-21	2.22349382513991	0.0542857142857143	GO:0006729	tetrahydrobiopterin biosynthetic process	1.78243554270929e-15	2.14303956078946	6.04545454545455
6	12	9	0.00704081632653061	GO:0047238	glucuronosyl-N-acetylgalactosaminyl-proteoglycan 4-beta-N-acetylgalactosaminyltransferase activity	3.07834079548726e-35	2.50877896719307	0.0425	GO:0035999	tetrahydrofolate interconversion	6.97099036329712e-26	2.44475425869014	6.03623188405797
9	12	2	0.0129081632653061	GO:0007210	serotonin receptor signaling pathway	4.41430055743234e-32	2.49778478911772	0.0751275510204082	GO:0046655	folic acid metabolic process	6.2971259565913e-23	2.39047542215123	5.82015810276681
8	28	10	0.0375	GO:0010968	regulation of microtubule nucleation	3.73635928550609e-70	3.05204123140991	0.212244897959184	GO:0034475	U4 snRNA 3'-end processing	3.75946156592261e-49	2.79725715408063	5.65986394557824
7	12	5	0.0089030612244898	GO:0071569	protein ufmylation	5.13530590392026e-34	2.50527132537779	0.0456632653061225	GO:0098911	regulation of ventricular cardiac muscle cell action potential	1.64498932735649e-25	2.43930943782236	5.12893982808023
6	7	13	0.0064030612244898	GO:0001188	RNA polymerase I preinitiation complex assembly	8.7066270269002e-20	2.13662736058287	0.0318112244897959	GO:0030023	extracellular matrix constituent conferring elasticity	6.36130668932788e-15	2.09010582926686	4.96812749003983
11	8	2	0.0233673469387755	GO:0015670	carbon dioxide transport	2.15941036807361e-18	2.19695894339241	0.10640306122449	GO:0039706	co-receptor binding	3.70732853369798e-13	2.06038598472923	4.55349344978167
10	18	3	0.021734693877551	GO:0000164	protein phosphatase type 1 complex	1.7925871565492e-46	2.76671293756026	0.0967602040816326	GO:0010248	establishment or maintenance of transmembrane electrochemical gradient	7.87762509294592e-35	2.64177335817343	4.4518779342723
8	8	8	0.0134438775510204	GO:0031419	cobalamin binding	2.61508844456397e-20	2.21515555626167	0.0597959183673469	GO:0000076	DNA replication checkpoint signaling	3.84393380650882e-15	2.13383944408474	4.44781783681214
8	21	5	0.0256377551020408	GO:1905820	positive regulation of chromosome separation	7.37068782842246e-54	2.86874111311825	0.109311224489796	GO:0042627	chylomicron	1.14368270749473e-40	2.73192308513469	4.26368159203981
11	5	2	0.022780612244898	GO:0035194	regulatory ncRNA-mediated post-transcriptional gene silencing	5.01652953532366e-11	1.87810994419981	0.0905867346938776	GO:0009058	biosynthetic process	4.71403585584975e-08	1.76457144771629	3.97648376259798
10	9	4	0.0203571428571429	GO:1990817	poly(A) RNA polymerase activity	1.62454680251662e-21	2.28379514777333	0.0778826530612245	GO:0048846	axon extension involved in axon guidance	2.7087742413095e-16	2.1858047525205	3.82581453634084
7	16	5	0.0238010204081633	GO:0042797	tRNA transcription by RNA polymerase III	4.9565717693264e-40	2.67984099763734	0.0910204081632653	GO:0034366	spherical high-density lipoprotein particle	9.73648114653495e-31	2.56747898052451	3.82422293676312
9	10	8	0.0206632653061225	GO:0051693	actin filament capping	3.8376820924117e-24	2.3563471996567	0.0787755102040816	GO:1904153	negative regulation of retrograde protein transport, ER to cytosol	2.36078760481542e-18	2.25749438794268	3.81234567901234
7	14	2	0.0215051020408163	GO:0170014	ankyrin-1 complex	5.08693554135718e-35	2.59003935793154	0.0806122448979592	GO:0036513	Derlin-1 retrotranslocation complex	5.2063801970466e-27	2.48980581241286	3.7485172004745
11	3	4	0.0179591836734694	GO:0060287	epithelial cilium movement involved in determination of left/right asymmetry	9.52492301559796e-07	1.55121806412821	0.0658163265306123	GO:0140318	protein transporter activity	4.52321591001554e-05	1.46831896950129	3.66477272727273
6	8	11	0.012984693877551	GO:0072378	blood coagulation, fibrin clot formation	1.98116640820627e-20	2.21600877329951	0.0473724489795918	GO:0005757	mitochondrial permeability transition pore complex	6.03119479695066e-16	2.15475077671743	3.6483300589391
10	11	2	0.0313520408163265	GO:0031054	pre-miRNA processing	7.00306507747997e-25	2.40349629758955	0.104795918367347	GO:0036465	synaptic vesicle recycling	3.81001602262784e-19	2.2836509252178	3.34255492270139
10	6	8	0.0153061224489796	GO:0004016	adenylate cyclase activity	1.76263196629763e-14	2.01487367169703	0.0510459183673469	GO:0032754	positive regulation of interleukin-5 production	2.35201642840903e-11	1.95167225363722	3.335
9	36	5	0.0818622448979592	GO:0097504	Gemini of Cajal bodies	1.84044961436384e-81	3.15752210733036	0.268571428571429	GO:0101019	nucleolar exosome (RNase complex)	5.74088562342803e-63	2.91035157946354	3.28077282642568
8	15	2	0.0205102040816327	GO:0031720	haptoglobin binding	3.58673819981088e-38	2.64036384190705	0.0649489795918367	GO:0006625	protein targeting to peroxisome	1.11082204547428e-30	2.56355318728121	3.16666666666666
10	8	4	0.0203316326530612	GO:0004117	calmodulin-activated dual specificity 3',5'-cyclic-GMP, 3',5'-cyclic-AMP phosphodiesterase activity	7.11229210282582e-19	2.20247694381143	0.0610459183673469	GO:1900153	positive regulation of nuclear-transcribed mRNA catabolic process, deadenylation-dependent decay	4.53079493628808e-15	2.13176860875786	3.00250941028858
10	22	3	0.0355357142857143	GO:0005833	hemoglobin complex	1.11970341778588e-53	2.8841180691892	0.106377551020408	GO:0000930	gamma-tubulin complex	3.13146014284101e-43	2.76928750433319	2.99353912419238
10	21	2	0.0454591836734694	GO:0005858	axonemal dynein complex	1.2102245087806e-48	2.83390742648941	0.133010204081633	GO:0035721	intraciliary retrograde transport	6.8882298013219e-39	2.69746156698819	2.92592592592593
7	20	4	0.0417091836734694	GO:0001614	purinergic nucleotide receptor activity	1.00289815772984e-46	2.80580767689779	0.118239795918367	GO:0030893	meiotic cohesin complex	1.04769855187448e-37	2.68418352207542	2.83486238532109
12	10	3	0.0165051020408163	GO:0005231	excitatory extracellular ligand-gated monoatomic ion channel activity	4.07289374025296e-25	2.36396820879574	0.0459183673469388	GO:0044548	S100 protein binding	1.1014767420319e-20	2.31171353060816	2.78207109737249
10	17	3	0.032015306122449	GO:1902554	serine/threonine protein kinase complex	1.06385068412946e-40	2.70789305922338	0.0863010204081633	GO:0004535	poly(A)-specific ribonuclease activity	2.11742947363168e-33	2.61758034196505	2.69561752988048
7	21	9	0.0211479591836735	GO:1905821	positive regulation of chromosome condensation	1.2975060170996e-55	2.87687061989519	0.0568112244897959	GO:0140596	TOM complex	1.28854751393239e-46	2.81468993227393	2.68636911942098
11	4	4	0.0276020408163265	GO:2001256	regulation of store-operated calcium entry	2.36574548944872e-08	1.72092831321906	0.0738265306122449	GO:0090162	establishment of epithelial cell polarity	1.16686423221024e-06	1.64252657706554	2.67467652495379
10	45	3	0.105688775510204	GO:0072546	EMC complex	9.06957777486453e-101	3.28032535858219	0.27844387755102	GO:1990877	FNIP-folliculin RagC/D GAP	6.52314129144935e-82	3.05884525027188	2.63456432536809
11	9	2	0.0354591836734694	GO:0008066	glutamate receptor activity	2.3655822270681e-19	2.2567540093875	0.0921173469387755	GO:0000288	nuclear-transcribed mRNA catabolic process, deadenylation-dependent decay	1.21148892364059e-15	2.16348088155711	2.5978417266187
13	18	3	0.0289030612244898	GO:0002098	tRNA wobble uridine modification	3.0113193738833e-44	2.75379567965066	0.07375	GO:0086009	membrane repolarization	6.06785095182067e-37	2.67784425039402	2.55163283318623
9	22	2	0.0611989795918367	GO:0015279	store-operated calcium channel activity	1.70680537700633e-48	2.84037873854581	0.153214285714286	GO:0008417	fucosyltransferase activity	9.16598077477375e-40	2.70231027599876	2.50354314297625
12	3	2	0.0331632653061225	GO:0010867	positive regulation of triglyceride biosynthetic process	5.92963021109735e-06	1.52383462569566	0.0828061224489796	GO:0001895	retina homeostasis	8.89447883386339e-05	1.44103942010645	2.49692307692307
8	13	3	0.0256122448979592	GO:0000828	inositol hexakisphosphate kinase activity	3.20044944225512e-31	2.53059428141245	0.0626530612244898	GO:0180010	co-transcriptional mRNA 3'-end processing, cleavage and polyadenylation pathway	3.47301761449067e-26	2.46680370982776	2.44621513944223
8	9	9	0.0153316326530612	GO:0086011	membrane repolarization during action potential	1.27215617627329e-22	2.29302320060314	0.0374234693877551	GO:0004970	glutamate-gated receptor activity	3.83626284229719e-19	2.25331017613746	2.44093178036606
8	11	6	0.0160969387755102	GO:0005952	cAMP-dependent protein kinase complex	4.64101084437539e-28	2.43109824567313	0.0385459183673469	GO:0042276	error-prone translesion synthesis	6.74937090240846e-24	2.39083760305893	2.3946117274168
10	15	3	0.084515306122449	GO:0009083	branched-chain amino acid catabolic process	5.66403312491086e-29	2.53216484139186	0.197091836734694	GO:0030049	muscle filament sliding	1.67229560078496e-23	2.37409792087128	2.33202535466345
9	11	3	0.0244642857142857	GO:1903028	positive regulation of opsonization	4.60218079496016e-26	2.41582810548595	0.0550255102040816	GO:0000290	deadenylation-dependent decapping of nuclear-transcribed mRNA	3.33539425894628e-22	2.36265024420164	2.24921793534932
8	12	3	0.0332142857142857	GO:0060396	growth hormone receptor signaling pathway	3.64962360186719e-27	2.46097902184873	0.0700255102040816	GO:0045252	oxoglutarate dehydrogenase complex	2.72064263864205e-23	2.3986983384439	2.10829493087558
6	9	6	0.0227295918367347	GO:0005577	fibrinogen complex	4.37198251508461e-21	2.27947943999838	0.0467857142857143	GO:0072559	NLRP3 inflammasome complex	2.83774484352635e-18	2.23711827646553	2.05836139169473
11	6	2	0.0891326530612245	GO:0098797	plasma membrane protein complex	6.45260663734013e-10	1.88990811902643	0.175178571428571	GO:0001878	response to yeast	3.45498119046383e-08	1.76722674338224	1.96536920435031
9	24	3	0.0291071428571429	GO:0036444	calcium import into the mitochondrion	2.14362607234773e-61	2.95726027815752	0.0561734693877551	GO:0001867	complement activation, lectin pathway	1.48807661284695e-54	2.91049499927173	1.92988606485539
12	55	3	0.208469387755102	GO:0001401	SAM complex	2.26322551324234e-111	3.28421700890693	0.402142857142857	GO:0000177	cytoplasmic exosome (RNase complex)	9.24102605856421e-96	3.0774555795685	1.9290259422418
9	15	3	0.0521173469387755	GO:0009435	NAD biosynthetic process	4.14016152882613e-32	2.58490505372884	0.0990051020408163	GO:0033700	phospholipid efflux	5.99875811700254e-28	2.50977000615346	1.89965736661772
9	28	3	0.0681632653061225	GO:0051036	regulation of endosome size	6.70948196005689e-63	3.00031914186348	0.123673469387755	GO:1990454	L-type voltage-gated calcium channel complex	1.11621408046086e-55	2.91519056596709	1.81437125748503
9	29	3	0.0474489795918367	GO:0000301	retrograde transport, vesicle recycling within Golgi	4.4067781912005e-70	3.05983396403412	0.0838265306122449	GO:0050953	sensory perception of light stimulus	6.25653894607728e-63	3.00024811354528	1.76666666666667
8	25	2	0.0880612244897959	GO:0036396	RNA N6-methyladenosine methyltransferase complex	2.46718133750274e-52	2.88803052870139	0.153010204081633	GO:0061702	canonical inflammasome complex	2.30927421809481e-46	2.79334910068028	1.73754345307069
7	18	3	0.0335459183673469	GO:0016272	prefoldin complex	4.3789693570464e-43	2.74555110053213	0.0551020408163265	GO:0005742	mitochondrial outer membrane translocase complex	3.25093232419113e-39	2.70846073144843	1.6425855513308
9	25	2	0.0623214285714286	GO:0048034	heme O biosynthetic process	4.45928899302925e-56	2.92928498522676	0.0992091836734694	GO:0000931	gamma-tubulin ring complex	4.805353162642e-51	2.8708702046644	1.59189521080639
10	12	2	0.038469387755102	GO:0002752	cell surface pattern recognition receptor signaling pathway	2.11653803158702e-26	2.4517520975842	0.0589795918367347	GO:0016559	peroxisome fission	3.5030300595328e-24	2.41682875717189	1.53315649867374
11	23	2	0.0539030612244898	GO:0006388	tRNA splicing, via endonucleolytic cleavage and ligation	2.46706775866789e-52	2.88408547088406	0.0789030612244898	GO:0051984	positive regulation of chromosome segregation	1.54108640002668e-48	2.84321916830302	1.46379555134879
12	12	2	0.067219387755102	GO:0042987	amyloid precursor protein catabolic process	1.66976464844471e-23	2.40326121893967	0.0983163265306122	GO:0051011	microtubule minus-end binding	1.55513351991062e-21	2.35424001391999	1.46261859582543
12	4	2	0.0385204081632653	GO:0034638	phosphatidylcholine catabolic process	8.89564677863199e-08	1.701626290215	0.0555867346938776	GO:0055119	relaxation of cardiac muscle	3.80520931017658e-07	1.67245361874389	1.4430463576159
13	38	2	0.117602040816327	GO:0001518	voltage-gated sodium channel complex	8.08130871545744e-81	3.14180016771105	0.159540816326531	GO:0030897	HOPS complex	8.37723460386143e-76	3.08286141358935	1.35661605206074
11	45	3	0.115484693877551	GO:0045050	protein insertion into ER membrane by stop-transfer membrane-anchor sequence	4.8609889591331e-99	3.26577285832276	0.154897959183673	GO:0032797	SMN complex	2.56116705351058e-93	3.21001963089894	1.34128561961564
10	29	2	0.108494897959184	GO:0072384	organelle transport along microtubule	1.08339265371632e-59	2.96247218779634	0.141683673469388	GO:0000813	ESCRT I complex	2.41134199854e-56	2.91458187212609	1.30590171643546
11	27	3	0.120586734693878	GO:0034058	endosomal vesicle fusion	1.28117551444962e-53	2.89378879146252	0.154362244897959	GO:0030123	AP-3 adaptor complex	9.74963281528648e-51	2.84622992584278	1.2800930822932
11	29	2	0.126964285714286	GO:1990907	beta-catenin-TCF complex	1.01608156701921e-57	2.93543016000849	0.15	GO:0045040	protein insertion into mitochondrial outer membrane	1.25066237825976e-55	2.9030638093368	1.18143459915612
9	34	3	0.101811224489796	GO:0061617	MICOS complex	5.64854838571273e-73	3.08589885249424	0.118698979591837	GO:0031209	SCAR complex	1.02555228270323e-70	3.06079212003516	1.16587321473315
9	21	2	0.0484948979591837	GO:0044666	MLL3/4 complex	4.68997312745145e-48	2.82871801046601	0.05625	GO:0045039	protein insertion into mitochondrial inner membrane	1.04932929169521e-46	2.81562807649755	1.1599158337717
11	14	2	0.0533163265306123	GO:0006182	cGMP biosynthetic process	1.63691375992713e-29	2.53437073750496	0.0603826530612245	GO:0007168	receptor guanylyl cyclase signaling pathway	9.28730717151288e-29	2.5225671092092	1.13253588516746
11	28	2	0.0779336734693878	GO:0015269	calcium-activated potassium channel activity	2.82804112131848e-61	2.98458839063626	0.0846683673469388	GO:0098574	cytoplasmic side of lysosomal membrane	2.86121873446944e-60	2.97394159673478	1.08641571194763
9	16	2	0.0300765306122449	GO:0140627	ubiquitin-dependent protein catabolic process via the C-end degron rule pathway	2.08320066729726e-38	2.66857829803568	0.0314795918367347	GO:0031838	haptoglobin-hemoglobin complex	4.31498548638089e-38	2.66608408792332	1.04664970313825
11	10	2	0.0281632653061225	GO:0098915	membrane repolarization during ventricular cardiac muscle cell action potential	8.43235710819393e-23	2.34280166712959	0.0281632653061225	GO:0098915	membrane repolarization during ventricular cardiac muscle cell action potential	8.43235710819393e-23	2.34280166712959	1
8	20	2	0.165637755102041	GO:0106074	aminoacyl-tRNA metabolism involved in translational fidelity	8.48329119929387e-35	2.61799699200755	0.165637755102041	GO:0106074	aminoacyl-tRNA metabolism involved in translational fidelity	8.48329119929387e-35	2.61799699200755	1
13	73	3	0.264515306122449	GO:0005940	septin ring	1.18923524401199e-148	3.4210829495487	0.264515306122449	GO:0005940	septin ring	1.18923524401199e-148	3.4210829495487	1
6	11	2	0.0629336734693878	GO:0017083	4-galactosyl-N-acetylglucosaminide 3-alpha-L-fucosyltransferase activity	1.45047134658883e-21	2.34950517487026	0.0629336734693878	GO:0017083	4-galactosyl-N-acetylglucosaminide 3-alpha-L-fucosyltransferase activity	1.45047134658883e-21	2.34950517487026	1
